"0","table(mean1,se1,mean2, se2)
"
"1",", "
"1",", mean2 = 82388.8887653255"
"1",", se2 = 1228.66031375962"
"1","

"
"1","                 se1
"
"1","mean1            "
"1"," 4655.88310509725"
"1","
  111242.96264516"
"1","                1"
"1","
"
"1","
"
